in.hand,Cleaned,use?,dispersule,seeds.per.disp,morphological unit,chemical unit,Species,species.alt,code,accept.code,family,group,nat.inv,year,germ.perc,dorm.perc,seed.mass.1000,tot.wgt.g,n.seeds,lat,long,ele.m,Location.Notes,orig.acc,site,ID,type,seedling.traits.ashley,mega.comp,notes
y,y,both,y,1,anthocarp,seed,Abronia villosa,,ABRVIL,ABVI,Nyctaginaceae,forb,native,2020,12,,,0.3115,,NA,NA,NA,"collected from various locations in Riverside, San Diego, and Orange Counties",,SS,SS-1,wild,,,
y,y,both,y,1,achene + pappus,achene,Achyrachaena mollis,,ACHMOL,ACMO,Asteraceae,forb,native,2015,,,,0.72,,38.86537177,-122.4029395,663,location approximate,,MCL-ML,MCL-ML-1a,wild,,,
y,y,both,y,1,achene + remnant flower,achene,Achyrachaena mollis,,ACHMOL,ACMO,Asteraceae,forb,native,2015,,,,,44,38.86537177,-122.4029395,663,location approximate,,MCL-ML,MCL-ML-1b,wild,,,"only 44 of this morph, 43 of them are in their dispersules and 1 is clean"
y,y,both,,1,seed,seed,Achyronychia cooperi,,ACHCOO,ACCO3,Caryophyllaceae,forb,native,2017,60,,,0.110518868,1100,33.87157,-116.44117,394,,24787,CBG,CBG-24787,wild,,,
y,y,both,,1,seed,seed,Acmispon americanus,Lotus purshianus,ACMAME,LOUNU,Fabaceae,forb,native,2021,76,,,1.155,,NA,NA,NA,,,HED,HED-1,cultivated,,x,
y,y,both,,1,seed,seed,Acmispon maritimus var. brevivexillus,Lotus salsuginosus var. brevivexillus,ACMMARB,LOSAB,Fabaceae,forb,native,2007,78,,,0.3715,100,33.9038,-111.82012,1016,,W6 32602,GRIN,GRIN-W6-32602,wild,,,collected before 2007; cannot order more
y,y,both,,1,seed,seed,Acmispon strigosus,Lotus strigosus,ACMSTR,LOST4,Fabaceae,forb,native,2011,30,,,0.568,427,33.66545,-116.83133,760,,23436,CBG,CBG-23436,wild,,,
y,y,both,,1,seed,seed,Acmispon wrangelianus,Lotus wrangelianus,ACMWRA,LOWR2,Fabaceae,forb,native,2021,,,,0.49,,38.87244585,-122.4271412,662,S ridge watering Exp NS,,MCL-ML,MCL-ML-16,wild,,,
y,y,both,y,2,spikelet,caryopsis,Aegilops triuncialis,,AEGTRI,AETR,Poaceae,grass,invasive,2021,,,,1.37,,39.24872381,-121.315312,193,,,SFREC,SFREC-20a,wild,,,"morph 2, small"
y,y,both,y,2,spikelet,caryopsis,Aegilops triuncialis,,AEGTRI,AETR,Poaceae,grass,invasive,2021,,,,3.58,,39.24872381,-121.315312,193,,,SFREC,SFREC-20,wild,,,spikelet
y,y,both,y,2,spikelet,caryopsis,Aegilops triuncialis,,AEGTRI,AETR,Poaceae,grass,invasive,2021,,,,3.58,,39.24872381,-121.315312,193,,,SFREC,SFREC-20b,wild,,,"morph 1, large"
y,y,both,y,1,achene + pappus,achene,Agoseris heterophylla,,AGOHET,AGHE2,Asteraceae,forb,native,2015,,,,0.17,,38.82669382,-122.3390715,399,,,MCL-ML,MCL-ML-7,wild,,,
y,y,both,,1,seed,seed,Aliciella latifolia ssp. latifolia,,ALILATL,ALLAL3,Polemoniaceae,forb,native,1998,30,,,0.088171893,1750,33.60372,-115.92266,240,,19964,CBG,CBG-19964,wild,,,not enough of this species for phosphorus
y,y,both,,1,seed,seed,Amaranthus fimbriatus,,AMAFIM,AMFI,Amaranthaceae,forb,native,2010,74,73,0.26,0.064,400,31.83397,-110.85645,1111,,PI 662285,GRIN,GRIN-PI-662285,wild,,,
y,y,both,,1,seed,seed,Amaranthus hybridus,,AMAHYB,AMHY,Amaranthaceae,forb,native,2010,100,31,0.56,0.112,200,31.79261,-110.74676,1580,,PI 688207,GRIN,GRIN-PI-688207,wild,,,
y,y,both,,1,seed,seed,Amaranthus palmeri,,AMAPAL,AMPA,Amaranthaceae,forb,native,1999,84,9,0.3,0.12,400,33.41666667,-112,345,,PI 612856,GRIN,GRIN-PI-612856,wild,,,
y,y,both,,1,seed,seed,Amaranthus torreyi,,AMATOR,AMTO6,Amaranthaceae,forb,native,2010,95,0,,0.14,400,31.79261,-110.74676,1580,,PI 688211,GRIN,GRIN-PI-688211,wild,,,
y,y,both,,1,nutlet,nutlet,Amsinckia intermedia,,AMSINT,AMMEI2,Boraginaceae,forb,native,2013,92,,,0.89,200,33.393283,-111.3626803,709,,W6 48213,GRIN,GRIN-W6-48213,wild,,,
y,y,both,,1,nutlet,nutlet,Amsinckia menziesii,,AMSMEN,AMME,Boraginaceae,forb,native,2021,,,,0.7,,39.23602182,-121.3049973,353,,,SFREC,SFREC-1,wild,,x,
y,y,both,,1,nutlet,nutlet,Amsinckia tessellata,,AMSTES,AMTE3,Boraginaceae,forb,native,2018,78,,,0.9543,,NA,NA,NA,"collected from various locations in Riverside, San Diego, and Orange Counties",,SS,SS-3,wild,,,
y,y,morph,,1,seed,seed,Anagallis arvensis,Lysimachia arvensis,ANAARV,ANAR,Primulaceae,forb,invasive,2019,,,,0.1646,,38.86556193,-122.402132,679,near kathy's house,,MCL-EE,MCL-EE-5,wild,,,only need 200
y,y,chem,,1,seed,seed,Anagallis arvensis,Lysimachia arvensis,ANAARV,ANAR,Primulaceae,forb,invasive,2021,,,,1.139,,NA,NA,NA,,,OUT,OUT-1,cultivated,,x,
y,y,both,,1,achene,achene,Ancistrocarphus filagineus,,ANCFIL,ANFI3,Asteraceae,forb,native,2019,,,,0.0614,,38.87251,-122.4273,663,,,MCL-EE,MCL-EE-6,wild,,,
y,y,both,,1,achene,achene,Anisocoma acaulis,,ANIACA,ANAC,Asteraceae,forb,native,2003,8,,,2.0816,193,34.32338,-117.27163,960,,21059,CBG,CBG-21059,wild,,,
y,y,both,y,1,mericarp,seed,Anoda pentaschista,,ANOPEN,ANPE4,Malvaceae,forb,native,2007,83,,5.282,0.5282,100,34.24222,-112.04806,1118,,W6 36754,GRIN,GRIN-W6-36754,wild,,,cannot order more
y,y,morph,,1,seed,seed,Antirrhinum coulterianum,Sairocarpus coulterianus,ANTCOU,SACO13,Plantaginaceae,forb,native,2006,30,,,0.24306204,1800,34.70846,-118.69405,1195,,22016,CBG,CBG-22016,wild,,,
y,y,chem,,1,seed,seed,Antirrhinum coulterianum,Sairocarpus coulterianus,ANTCOU,SACO13,Plantaginaceae,forb,native,2019,68,,,0.2508,,NA,NA,NA,"collected from various locations in Riverside, San Diego, and Orange Counties",,SS,SS-4,wild,,,
y,y,both,,1,seed,seed,Antirrhinum multiflorum,Sairocarpus multiflorus,ANTMUL,SAMU2,Plantaginaceae,forb,native,2001,16.3,,,0.313104711,20900,34.09281,-118.60984,253,,22451,CBG,CBG-22451,wild,,,
y,y,both,,1,seed,seed,Argemone munita,,ARGMUN,ARMU,Papaveraceae,forb,native,2004,,,,0.308722664,101,33.29491,-115.38441,183,,21422,CBG,CBG-21422,wild,,,
y,y,both,y,1,floret,caryopsis,Aristida adscensionis,,ARIADS,ARAD,Poaceae,grass,native,2003,63.3,,,0.150966027,204,32.89794,-118.48631,183,,21102,CBG,CBG-21102,wild,,,
y,y,both,y,1,seed + papery covering,seed,Astragalus didymocarpus,,ASTDID,ASDI3,Fabaceae,forb,native,2020,,,,0.13,102,35.12182297,-119.7248455,,,,CP,CP-11,wild,,,93 disperules
y,y,both,y,1,seed + papery covering,seed,Astragalus didymocarpus var. dispermus,,ASTDIDD,ASDID,Fabaceae,forb,native,2003,20,,,0.57,600,33.78216,-116.93819,506,,21062,CBG,CBG-21062,wild,,,
y,y,both,y,1,seed + papery covering,seed,Astragalus gambelianus,,ASTGAM,ASGA,Fabaceae,forb,native,2021,,,,0.28,,38.87244585,-122.4271412,662,S ridge watering Exp NS,,MCL-ML,MCL-ML-17,wild,,,
y,y,both,y,1,silicle,seed,Athysanus pusillus,,ATHPUS,ATPU,Brassicaceae,forb,native,2021,,,,0.008,25,38.87146422,-122.4276015,719,,,MCL-ML,MCL-ML-37,wild,,,
y,y,both,y,1,silicle,seed,Athysanus pusillus,,ATHPUS,ATPU,Brassicaceae,forb,native,2018,,,,0.0514,140,NA,NA,NA,,,MCL-EE,MCL-EE-8,wild,,,check notes on bag for location estimate
y,y,both,,1,achene,achene,Atrichoseris platyphylla,,ATRPLA,ATPL,Asteraceae,forb,native,1998,14,,,0.543977508,600,35.72784,-117.40285,510,,20046,CBG,CBG-20046,wild,,,
y,y,both,,1,utricle,utricle,Atriplex elegans var. fasciculata,,ATRELEF,ATELF,Chenopodiaceae,forb,native,2014,97.2,,,0.591860931,600,35.00113,-116.62708,546,,23921,CBG,CBG-23921,wild,,,
y,y,both,y,1,floret,caryopsis,Avena barbata,,AVEBAR,AVBA,Poaceae,grass,invasive,2021,,,,1.44,,39.24532189,-121.3139005,236,,,SFREC,SFREC-2,wild,,x,
y,y,both,y,1,floret,caryopsis,Avena fatua,,AVEFAT,AVFA,Poaceae,grass,invasive,2021,,,,2.53,,39.25181407,-121.3129181,202,,,SFREC,SFREC-3,wild,,,
y,y,both,,1,anthocarp,anthocarp,Boerhavia erecta,,BOEERE,BOER,Nyctaginaceae,forb,native,2007,75,,1.94,0.388,200,34.23667,-112.03944,1133,,W6 36758,GRIN,GRIN-W6-36758,wild,,,
y,y,both,,1,anthocarp,anthocarp,Boerhavia triquetra var. intermedia,Boerhavia intermedia,BOETRII,BOIN,Nyctaginaceae,forb,native,2012,0,,,0.578996406,600,33.6087,-114.93563,109,,23519,CBG,CBG-23519,wild,,,
y,y,both,y,1,floret,caryopsis,Bouteloua barbata,,BOUBAR,BOBA2,Poaceae,grass,native,2012,2,,,0.223081559,1859,33.60871,-114.95355,106,,23528,CBG,CBG-23528,wild,,,
y,y,both,,1,seed,seed,Brassica nigra,,BRANIG,BRNI,Brassicaceae,forb,invasive,2021,,,,1.52,,38.82412343,-122.3374759,387,,,MCL-ML,MCL-ML-28,wild,x,x,
y,y,both,,1,seed,seed,Brassica tournefortii,,BRATOU,BRTO,Brassicaceae,forb,invasive,2021,,,,1.64,,33.98481267,-116.653222,649,whitewater preserve,,MD,MD-2,wild,,,
y,y,both,y,1,floret,caryopsis,Bromus diandrus,,BRODIA,BRDI3,Poaceae,grass,invasive,2021,,,,1.89,,38.56483847,-121.4745267,4,R&27,,SAC,SAC-01,wild,,,do this one
y,y,both,y,1,floret,caryopsis,Bromus hordeaceus,,BROHOR,BRHO2,Poaceae,grass,invasive,2021,,,,0.41,,39.2473973,-121.3144869,216,location estimate,,SFREC,SFREC-4,wild,,x,
y,y,both,y,1,floret,caryopsis,Bromus madritensis,,BROMAD,BRMA3,Poaceae,grass,invasive,2021,,,,0.44,,39.24532189,-121.3139005,236,,,SFREC,SFREC-5,wild,,,
y,y,both,y,1,floret,caryopsis,Bromus rubens,,BRORUB,BRRU2,Poaceae,grass,invasive,2021,,,,0.407,,34.01680584,-116.6278051,748,Whitewater preserve & mission creek,,MD,MD-4,wild,,,
y,y,both,y,1,floret,caryopsis,Bromus tectorum,,BROTEC,BRTE,Poaceae,grass,invasive,2021,,,,0.63,,34.01680584,-116.6278051,748,Whitewater preserve & mission creek,,MD,MD-5,wild,,,
y,y,both,,1,seed,seed,Calandrinia menziesii,Calandrinia ciliata,CALMEN,CACI2,Montiaceae,forb,native,2021,,,,0.19,,38.85967354,-122.4114163,646,knoxville road,,MCL-ML,MCL-ML-18,wild,,,
y,y,both,y,1,achene + pappus,achene,Calycadenia multiglandulosa,,CALMUL,CAMU3,Asteraceae,forb,native,2021,,,,0.2,,39.293063,-121.28962,429,,,SFREC,SFREC-18a,wild,,,"morph 2, disc"
y,y,both,,1,achene,achene,Calycadenia multiglandulosa,,CALMUL,CAMU3,Asteraceae,forb,native,2021,,,,0.19,,39.293063,-121.28962,429,,,SFREC,SFREC-18b,wild,,,"morph 1, ray"
y,y,both,,1,achene,achene,Calycadenia pauciflora,,CALPAU,CAPA6,Asteraceae,forb,native,2016,,,,0.1863,,NA,NA,NA,,,MCL-EE,MCL-EE-10,wild,,,check notes on bag for location estimate
y,y,chem,,1,seed,seed,Calyptridium monandrum,Cistanthe monandra,CALMON,CIMO4,Montiaceae,forb,native,1996,91.5,,,0.149245812,1900,33.31805,-116.74555,1192,,19520,CBG,CBG-19520,wild,,,
y,y,morph,,1,seed,seed,Calyptridium monandrum,Cistanthe monandra,CALMON,CIMO4,Montiaceae,forb,native,2003,67.3,,,0.200023313,2500,34.43305,-117.58658,1250,,21042,CBG,CBG-21042,wild,,,
y,y,both,,1,seed,seed,Camissonia campestris,,CAMCAM,CACA33,Onagraceae,forb,native,2019,,,,0.0244,,35.12182297,-119.7248455,,,,CP,CP-12,wild,,,
y,y,both,,1,seed,seed,Camissoniopsis ignota,Camissonia ignota,CAMIGN,CAIG2,Onagraceae,forb,native,2003,11.6,,,0.209065141,2300,33.78216,-116.93819,506,,21165,CBG,CBG-21165,wild,,,
y,y,morph,,1,seed,seed,Camissoniopsis pallida,Camissonia pallida,CAMPAL,CAPA36,Onagraceae,forb,native,2011,20.5,,,0.155,1550,33.96135,-116.6659,1390,,23460,CBG,CBG-23460,wild,,,
y,y,chem,,1,seed,seed,Camissoniopsis pallida,Camissonia pallida,CAMPAL,CAPA36,Onagraceae,forb,native,2019,82,,,,,34.31451204,-118.9662452,250,Rancho de los flores; cultivation site,,SS,SS-7,cultivated,,,
y,y,both,,1,seed,seed,Capsella bursa-pastoris,,CAPBUR,CABU2,Brassicaceae,forb,invasive,2021,,,,0.1692,,38.58438631,-121.4644342,12,Sutter's landing,,SAC,SAC-07,wild,,,
y,y,both,,1,seed,seed,Capsella bursa-pastoris,,CAPBUR,CABU2,Brassicaceae,forb,invasive,2019,,,,0.1996,,35.12182297,-119.7248455,,,,CP,CP-1,wild,,,
y,y,both,,1,achene,achene,Carduus pycnocephalus,,CARPYC,CAPY2,Asteraceae,forb,invasive,2021,,,,0.876,141,39.24532189,-121.3139005,236,,,SFREC,SFREC-6,wild,,,
y,y,both,,1,seed,seed,Castilleja attenuata,,CASATT,CAAT25,Orobanchaceae,forb,native,2019,,,,0.2452,,38.86983,-122.42793,671,,,MCL-EE,MCL-EE-11,wild,,,
y,y,both,,1,seed,seed,Castilleja exserta,,CASEXS,CAEX14,Orobanchaceae,forb,native,1997,100,,,0.19,1500,34.09941,-118.69897,216,,22368,CBG,CBG-22368,wild,,,
y,y,both,,1,seed,seed,Caulanthus anceps,,CAUANC,CAAN25,Brassicaceae,forb,native,2010,88,,,0.251004742,1650,35.20075,-119.85575,634,,23305,CBG,CBG-23305,wild,,,
y,y,both,,1,seed,seed,Caulanthus heterophyllus,,CAUHET,CAHE11,Brassicaceae,forb,native,1996,62,,,0.181457355,600,33.33055,-116.75333,1387,,19136,CBG,CBG-19136,wild,,,
y,y,both,,1,seed,seed,Caulanthus lasiophyllus,Guillenia lasiophylla,CAULAS,GULA4,Brassicaceae,forb,native,1996,84,,,0.120751264,1050,34.09444,-118.64868,386,,22341,CBG,CBG-22341,wild,,,
y,y,both,,1,seed,seed,Caulanthus lasiophyllus,Guillenia lasiophylla,CAULAS,GULA4,Brassicaceae,forb,native,,,,,0.3647,,35.12182297,-119.7248455,,,,CP,CP-2,wild,,,
y,y,both,y,1,achene + pappus,achene,Centaurea melitensis,,CENMEL,CEME2,Asteraceae,forb,invasive,2021,,,,1.06,,38.859917,-122.425658,671,,,MCL-ML,MCL-ML-38,wild,,,
y,y,both,y,1,achene + pappus,achene,Centaurea solstitialis,,CENSOL,CESO3,Asteraceae,forb,invasive,2021,,,,,,38.87190074,-122.4265917,651,,,MCL-ML,MCL-ML-39a,wild,,x,disc morph
y,y,both,,1,achene,achene,Centaurea solstitialis,,CENSOL,CESO3,Asteraceae,forb,invasive,2021,,,,,,38.87190074,-122.4265917,651,,,MCL-ML,MCL-ML-39b,wild,,x,ray morph
y,y,morph,,1,achene,achene,Chaenactis artemisiifolia,,CHAART,CHAR,Asteraceae,forb,native,1996,,,,0.311994202,600,34.09444,-118.64868,386,,22342,CBG,CBG-22342,wild,,,
y,y,chem,,1,achene,achene,Chaenactis artemisiifolia,,CHAART,CHAR,Asteraceae,forb,native,2019,75,,,0.2,,NA,NA,NA,"collected from various locations in Riverside, San Diego, and Orange Counties",,SS,SS-9,wild,,,
y,y,both,,1,achene,achene,Chaenactis carphoclinia,,CHACAR,CHCA,Asteraceae,forb,native,2017,20.8,,,0.191986605,600,33.5114,-116.2221,252,,24825,CBG,CBG-24825,wild,,,
y,y,both,y,1,achene + pappus,achene,Chaenactis fremontii,,CHAFRE,CHFR,Asteraceae,forb,native,2015,,,,0.164,,33.281305,-116.348812,181,,,DW,DW-04,wild,,,
y,y,both,,1,achene,achene,Chaenactis fremontii,,CHAFRE,CHFR,Asteraceae,forb,native,2011,81,,,0.0653,100,36.42772,-113.96945,773,,W6 43492,GRIN,GRIN-W6-43492,wild,,,
y,y,chem,,1,achene + pappus,achene + pappus,Chaenactis glabriuscula,,CHAGLA,CHGL,Asteraceae,forb,native,2020,66,,,0.241,,NA,NA,NA,"collected from various locations in Riverside, San Diego, and Orange Counties",,SS,SS-10,wild,,,
y,y,morph,,1,achene + pappus,achene + pappus,Chaenactis glabriuscula,,CHAGLA,CHGL,Asteraceae,forb,native,,,,,0.1663,,35.12182297,-119.7248455,,,,CP,CP-3,wild,,,
y,y,both,y,1,achene + pappus,achene,Chaenactis stevioides,,CHASTE,CHST,Asteraceae,forb,native,2015,,,,0.16,,32.22343277,-111.0102093,725,collection location estimate (tumamoc hill),,SD,SD-1,wild,,,
y,y,both,,1,utricle,utricle,Chenopodium album,,CHEALB,CHAL7,Chenopodiaceae,forb,native,2005,75,23,0.6,0.2,400,34.74944444,-112.0125,1009,,PI 666270,GRIN,GRIN-PI-666270,wild,,,
y,y,chem,,1,utricle,utricle,Chenopodium arizonicum,,CHEARI,CHNEN,Chenopodiaceae,forb,native,2014,94,0,,0.06,200,31.911,-109.1542,1481,,Ames 33027,GRIN,GRIN-Ames-33027,wild,,,
y,y,both,,1,utricle,utricle,Chenopodium arizonicum,,CHEARI,CHNEN,Chenopodiaceae,forb,native,2014,100,0,,0.06,200,31.9141,-109.1309,1470,,Ames 33026,GRIN,GRIN-Ames-33026,wild,,,
y,y,both,,1,utricle,utricle,Chenopodium berlandieri,,CHEBER,CHBE4,Chenopodiaceae,forb,native,2008,99,13,1.068,0.2,200,34.28444444,-109.8444444,1985,,PI 666296,GRIN,GRIN-PI-666296,wild,,,
y,y,both,,1,utricle,utricle,Chenopodium berlandieri var. sinuatum,,CHEBERS,CHBES,Chenopodiaceae,forb,native,2014,95,85,,0.14,200,34.2605,-112.7292,1365,,Ames 33009,GRIN,GRIN-Ames-33009,wild,,,
y,y,both,,1,utricle,utricle,Chenopodium berlandieri var. zschackei,,CHEBERZ,CHBEZ,Chenopodiaceae,forb,native,2008,100,34,,0.26,199,34.28444444,-109.8444444,1985,,PI 666293,GRIN,GRIN-PI-666293,wild,,,NOT in an aridland
y,y,both,,1,utricle,utricle,Chenopodium hians,,CHEHIA,CHHI,Chenopodiaceae,forb,native,2008,98,12,,0.16,400,34.63694444,-111.8169444,991,,PI 666312,GRIN,GRIN-PI-666312,wild,,,
y,y,both,,1,utricle,utricle,Chenopodium incanum var. elatum,,CHEINCE,CHINE,Chenopodiaceae,forb,native,2008,98,95,,0.2,400,34.49472222,-111.715,1284,,PI 666314,GRIN,GRIN-PI-666314,wild,,,
y,y,both,,1,utricle,utricle,Chenopodium incanum var. occidentale,,CHEINCO,CHINO,Chenopodiaceae,forb,native,2008,92,,,0.2,400,35.45416667,-113.6058333,1284,,PI 691474,GRIN,GRIN-PI-691474,wild,,,
y,y,both,,1,utricle,utricle,Chenopodium murale,,CHEMUR,CHMU2,Chenopodiaceae,forb,invasive,2015,,,,0.1585,,33.260428,-116.348116,165,,,DW,DW-05,wild,,,
y,y,both,,1,utricle,utricle,Chenopodium neomexicanum,,CHENEO,CHNE3,Chenopodiaceae,forb,native,2008,99,65,,0.14,200,34.50083333,-111.4633333,2110,,PI 666319,GRIN,GRIN-PI-666319,wild,,,NOT in an aridland
y,y,both,,1,utricle,utricle,Chenopodium watsonii,,CHEWAT,CHWA,Chenopodiaceae,forb,native,2008,95,93,,0.09,200,34.51472222,-112.0069444,1355,,PI 666330,GRIN,GRIN-PI-666330,wild,,,
y,y,chem,,1,utricle,utricle,Chenopodium watsonii,,CHEWAT,CHWA,Chenopodiaceae,forb,native,2005,99,98,,0.08,200,34.77388889,-112.6108333,1412,,Ames 28061,GRIN,GRIN-Ames-28061,wild,,,
y,y,both,y,1,achene,seed,Chorizanthe brevicornu,,CHOBRE,CHBR,Polygonaceae,forb,native,2015,,,,0.1411,,32.22343277,-111.0102093,725,collection location estimate (tumamoc hill),,SD,SD-2,wild,,,
y,y,both,,1,achene,seed,Chorizanthe brevicornu var. brevicornu,,CHOBREB,CHBRB,Polygonaceae,forb,native,1998,13.6,,,0.365179952,166,33.65655,-115.80227,457,,19949,CBG,CBG-19949,wild,,,
y,y,chem,,1,,seed,Chorizanthe fimbriata,,CHOFIM,CHFI2,Polygonaceae,forb,native,1996,,,,0.037784247,59,33.31805,-116.74555,1265,,19183,CBG,CBG-19183,wild,,,
y,y,both,,1,achene,,Chorizanthe fimbriata,,CHOFIM,CHFI2,Polygonaceae,forb,native,2003,88,,,0.221565217,182,33.63663,-117.04461,564,,21158,CBG,CBG-21158,wild,,,
y,y,chem,,1,,seed,Chorizanthe staticoides,,CHOSTA,CHST4,Polygonaceae,forb,native,2016,88,,,0.1988,413.8,34.09983,-118.8159,568,,24537,CBG,CBG-24537,wild,,,
y,y,morph,,1,achene,,Chorizanthe staticoides,,CHOSTA,CHST4,Polygonaceae,forb,native,2019,58,,,,,34.31451204,-118.9662452,250,Rancho de los flores; cultivation site,,SS,SS-11,cultivated,,,
y,y,both,,1,seed,seed,Chylismia brevipes,Camissonia brevipes,CHYBRE,CABR23,Onagraceae,forb,native,2011,2,,,0.324302453,600,34.27282,-116.48488,1112,,23447,CBG,CBG-23447,wild,,,
y,y,both,,1,seed,seed,Chylismia cardiophylla,Camissonia cardiophylla,CHYCAR,CACA34,Onagraceae,forb,native,2010,89.1,,,0.171500083,4900,36.11072,-117.18143,701,,23231,CBG,CBG-23231,wild,,,
y,y,both,,1,seed,seed,Chylismia claviformis,Camissonia claviformis,CHYCLA,CACL4,Onagraceae,forb,native,2015,,,,0.1599,,33.239927,-116.390627,212,,,DW,DW-06,wild,,,
y,y,both,,1,seed,seed,Chylismia claviformis ssp. claviformis,Camissonia claviformis ssp. claviformis,CHYCLAC,CACLC3,Onagraceae,forb,native,1998,11,,,0.224249111,1950,36.14974,-117.29304,362,,19901,CBG,CBG-19901,wild,,,
y,y,both,,1,seed,seed,Chylismia claviformis ssp. funerea,Camissonia claviformis ssp. funerea,CHYCLAF,CACLF,Onagraceae,forb,native,1998,,,,0.192501625,2750,35.65866,-116.28395,136,,19900,CBG,CBG-19900,wild,,,
y,y,both,,1,seed,seed,Clarkia dudleyana,,CLADUD,CLDU,Onagraceae,forb,native,2003,96,,,0.145778137,600,34.16358,-117.68269,714,,21170,CBG,CBG-21170,wild,,,
y,y,both,,1,seed,seed,Clarkia epilobioides,,CLAEPI,CLEP,Onagraceae,forb,native,2003,20,,,0.040050633,1000,33.63663,-117.04461,564,,21078,CBG,CBG-21078,wild,,,
y,y,both,,1,seed,seed,Clarkia gracilis,,CLAGRA,CLGR,Onagraceae,forb,native,2018,,,,0.1243,,38.87149122,-122.4275575,657,location estimate,,MCL-EE,MCL-EE-13,wild,,,
y,y,both,,1,seed,seed,Clarkia purpurea,,CLAPUR,CLPU2,Onagraceae,forb,native,2017,,,,0.21,,38.87001302,-122.4283065,665,location estimate,,MCL-ML,MCL-ML-14,wild,x,x,
y,y,both,,1,seed,seed,Clarkia unguiculata,,CLAUNG,CLUN,Onagraceae,forb,native,2003,,,,0.167999549,600,34.16358,-117.68269,714,,21169,CBG,CBG-21169,wild,,,
y,y,both,,1,seed,seed,Claytonia parviflora ssp. parviflora,,CLAPARP,CLPAP,Montiaceae,forb,native,2005,0,,,0.24,600,34.41231,-117.77355,1588,,21666,CBG,CBG-21666,wild,,,
y,y,both,,1,seed,seed,Claytonia parviflora ssp. viridis,,CLAPARV,CLPAV,Montiaceae,forb,native,2005,0,,,0.249974066,600,34.41231,-117.77355,1588,,21667,CBG,CBG-21667,wild,,,
y,y,both,,1,seed,seed,Claytonia perfoliata,,CLAPER,CLPE,Montiaceae,forb,native,2003,,,,0.2066103,600,34.32333,-117.27166,960,,21086,CBG,CBG-21086,wild,,,
y,y,both,,1,seed,seed,Collinsia concolor,,COLCON,COCO,Plantaginaceae,forb,native,2003,4,,,0.2758,550.2,33.63663,-117.04461,564,,21075,CBG,CBG-21075,wild,,,
y,y,morph,,1,seed,seed,Collinsia heterophylla,,COLHET,COHE,Plantaginaceae,forb,native,2001,10,,,0.337608696,600,33.78286,-117.37926,703,,20790,CBG,CBG-20790,wild,,,
y,y,chem,,1,seed,seed,Collinsia heterophylla,,COLHET,COHE,Plantaginaceae,forb,native,2020,98,,,,,34.31451204,-118.9662452,250,Rancho de los flores; cultivation site,,SS,SS-15,cultivated,,,
y,y,both,,1,seed,seed,Collinsia parviflora,,COLPAR,COPA3,Plantaginaceae,forb,native,2005,4.1,,,0.117545723,136,34.41231,-117.77356,1590,,21674,CBG,CBG-21674,wild,,,
y,y,both,,1,seed,seed,Collinsia sparsiflora,,COLSPA,COSP,Plantaginaceae,forb,native,2021,,,,0.12,117,38.87130959,-122.4275048,661,,,MCL-ML,MCL-ML-35,wild,,,
y,y,both,,1,seed,seed,Convolvulus equitans,,CONEQU,COEQ,Convolvulaceae,forb,native,2004,99,,12.71,1.0168,80,33.96722,-111.8175,1241,,W6 30101,GRIN,GRIN-W6-30101,wild,,,
y,y,both,,1,seed,seed,Cordylanthus nevinii,,CORNEV,CONE,Orobanchaceae,forb,native,2019,3.3,,,0.171705526,281,34.36752,-117.80118,2411,,25587,CBG,CBG-25587,wild,,,
y,y,both,,1,seed,seed,Cordylanthus rigidus ssp. setiger,Cordylanthus filifolius,CORRIGS,CORIR,Orobanchaceae,forb,native,2020,55,,,0.285898858,600,34.10015,-116.91265,2155,,25618,CBG,CBG-25618,wild,,,
y,y,both,,1,nutlet,nutlet,Cryptantha angustifolia,,CRYANG,CRAN4,Boraginaceae,forb,native,2019,,,,0.170403482,600,33.75473,-116.18117,81,,25341,CBG,CBG-25341,wild,,,
y,y,both,,1,nutlet,nutlet,Cryptantha barbigera,,CRYBAR,CRBA5,Boraginaceae,forb,native,2015,,,,0.0614,114,33.239051,-116.393231,218,,,DW,DW-08,wild,,,
y,y,both,,1,nutlet,nutlet,Cryptantha costata,,CRYCOS,CRCO15,Boraginaceae,forb,native,2012,5.1,,,0.261,1450,33.78259,-115.26145,141,,23536,CBG,CBG-23536,wild,,,
y,y,both,,1,nutlet,nutlet,Cryptantha intermedia,,CRYINT,CRIN8,Boraginaceae,forb,native,2003,97.8,,,0.1689,559.3,33.78222,-116.93833,506,,21063,CBG,CBG-21063,wild,,,
y,y,both,,1,nutlet,nutlet,Cryptantha micrantha,,CRYMIC,CRMI,Boraginaceae,forb,native,1998,91.4,,,0.048,600,33.65655,-115.80227,457,,19947,CBG,CBG-19947,wild,,,not enough of this species for phosphorus
y,y,chem,,1,nutlet,nutlet,Cryptantha micrantha,,CRYMIC,CRMI,Boraginaceae,forb,native,2005,0,,,0.00025,27,34.46286,-117.8198,1158,,21656,CBG,CBG-21656,wild,,,not enough of this species for phosphorus
y,y,both,,1,nutlet,nutlet,Cryptantha muricata,,CRYMUR,CRMU2,Boraginaceae,forb,native,1996,,,,0.168,600,33.31805,-116.74555,1265,,19168,CBG,CBG-19168,wild,,,
y,y,both,,1,nutlet,nutlet,Cryptantha nevadensis var. rigida,,CRYNEVR,CRNER,Boraginaceae,forb,native,2016,82,,,0.2237,456.5,35.80835,-115.9604,1096,,24470,CBG,CBG-24470,wild,,,
y,y,both,,1,nutlet,nutlet,Cryptantha pterocarya,,CRYPTE,CRPT,Boraginaceae,forb,native,2003,88,,,0.1498,416.1,34.43333,-117.58666,1250,,21041,CBG,CBG-21041,wild,,,
y,y,both,,1,seed,seed,Cucurbita palmata,Cucurbita californica,CUCPAL,CUPA,Cucurbitaceae,forb,native,2020,0,,,25.06855127,347,33.64655,-115.84338,420,,25902,CBG,CBG-25902,wild,,,
y,y,both,y,1,floret,caryopsis,Cynosurus echinatus,,CYNECH,CYEC,Poaceae,grass,invasive,2021,,,,0.32,,39.25693242,-121.3115828,287,,,SFREC,SFREC-15,wild,,,
y,y,both,,1,mericarp,seed,Daucus pusillus,,DAUPUS,DAPU3,Apiaceae,forb,native,2010,74,47,0.8,0.48,200,32.33343333,-112.7886833,500,,Ames 30663,GRIN,GRIN-Ames-30663,wild,,,
y,y,both,,1,achene,achene,Deinandra fasciculata,Hemizonia fasciculata,DEIFAS,HEFA,Asteraceae,forb,native,2016,84.6,,,0.119086066,196,34.10444,-118.73132,323,,24538,CBG,CBG-24538,wild,,,
y,y,both,,1,floret,floret,Deschampsia danthonioides,,DESDAN,DEDA,Poaceae,grass,native,2003,,,,0.169602642,1000,32.89794,-118.48631,480,,21098,CBG,CBG-21098,wild,,,
y,y,both,,1,seed,seed,Descurainia pinnata,,DESPIN,DEPI,Brassicaceae,forb,native,2020,,,,0.0959,,35.12182297,-119.7248455,,,,CP,CP-13,wild,,,
y,y,both,,1,seed,seed,Diplacus bigelovii,Mimulus bigelovii,DIPBIG,MIBI6,Phrymaceae,forb,native,2017,0,,,0.16129114,10700,33.5114,-116.2221,252,,24818,CBG,CBG-24818,wild,,,
y,y,both,,1,seed,seed,Draba cuneifolia,,DRACUN,DRCU,Brassicaceae,forb,native,2012,,,,0.16,,32.22343277,-111.0102093,725,collection location estimate (tumamoc hill),,SD,SD-3,wild,,,
y,y,both,,1,seed,seed,Dysphania ambrosioides,,DYSAMB,DYAM,Chenopodiaceae,forb,invasive,1994,,,0.232,0.08,400,NA,NA,NA,,PI 612852,GRIN,GRIN-PI-612852,cultivated,,,
y,y,chem,,1,seed,seed,Dysphania ambrosioides,,DYSAMB,DYAM,Chenopodiaceae,forb,invasive,1994,,,0.232,0.08,400,NA,NA,NA,,PI 612853,GRIN,GRIN-PI-612853,cultivated,,,
y,y,both,y,1,floret,caryopsis,Elymus caput-medusae,Taeniatherum caput-medusae,ELYCAP,TACA8,Poaceae,grass,invasive,2021,,,,0.41,,39.25693242,-121.3115828,287,,,SFREC,SFREC-19,wild,,x,
y,y,both,,1,seed,seed,Emmenanthe penduliflora,,EMMPEN,EMPE,Boraginaceae,forb,native,2016,98,,,0.287651248,600,34.1038,-118.7315,329,,24539,CBG,CBG-24539,wild,,,
y,y,both,,1,seed,seed,Emmenanthe penduliflora var. penduliflora,,EMMPENP,EMPEP,Boraginaceae,forb,native,2014,100,,,0.317994394,600,34.1905,-116.47905,1161,,23928,CBG,CBG-23928,wild,,,
y,y,both,,1,seed,seed,Epilobium brachycarpum,,EPIBRA,EPBR3,Onagraceae,forb,native,2005,97.9,,,0.1149,600,34.11246,-117.7147,413,,21768,CBG,CBG-21768,wild,,,
y,y,both,,1,seed,seed,Eremothera boothii,Camissonia boothii,EREBOO,CABO7,Onagraceae,forb,native,2011,20.8,,,0.216,1200,34.27334,-116.46411,1128,,23457,CBG,CBG-23457,wild,,,
y,y,both,,1,seed,seed,Eriastrum diffusum,,ERIDIF,ERDI2,Polemoniaceae,forb,native,2015,,,,0.2783,,32.22343277,-111.0102093,725,collection location estimate (tumamoc hill),,SD,SD-5,wild,,,
y,y,both,,1,seed,seed,Eriastrum eremicum,,ERIERE,ERER2,Polemoniaceae,forb,native,2015,,,,0.0457,,33.23936,-116.391941,215,,,DW,DW-09,wild,,,
y,y,both,,1,seed,seed,Eriastrum sapphirinum,,ERISAP,ERSA,Polemoniaceae,forb,native,2003,100,,,0.218978238,1200,34.10741,-117.7013,427,,21164,CBG,CBG-21164,wild,,,
y,y,both,,1,achene,achene,Eriogonum gracillimum,,ERIGRA,ERGR6,Polygonaceae,forb,native,2020,,,,0.0453,,35.12182297,-119.7248455,,,,CP,CP-14,wild,,,
y,y,both,,1,achene,achene,Eriogonum parishii,,ERIPAR,ERPA6,Polygonaceae,forb,native,2003,12,,,0.287496958,1250,34.17583,-116.87805,1890,,21262,CBG,CBG-21262,wild,,,
y,y,both,,1,achene,achene,Eriogonum pharnaceoides,,ERIPHA,ERPH2,Polygonaceae,forb,native,2010,92,,,0.18,200,35.10580556,-111.538,2202,,W6 40753,GRIN,GRIN-W6-40753,wild,,,NOT collected in an aridland; collected before 2010
y,y,both,,1,achene + pappus,achene + pappus,Eriophyllum lanosum,Antheropeas lanosum,ERILAN,ANLA7,Asteraceae,forb,native,2015,,,,0.17,,32.22343277,-111.0102093,725,collection location estimate (tumamoc hill),,SD,SD-6,wild,,,
y,y,chem,,1,achene + pappus,achene + pappus,Eriophyllum wallacei,riophyllum aureum,ERIWAL,ANWA,Asteraceae,forb,native,2001,22,,,0.032235811,600,34.25205,-115.72051,699,,20686,CBG,CBG-20686,wild,,,not enough of this species for phosphorus
y,y,chem,,1,achene + pappus,achene + pappus,Eriophyllum wallacei,riophyllum aureum,ERIWAL,ANWA,Asteraceae,forb,native,2005,8,,,0.0277,277,34.27913,-117.4759,885,,21669,CBG,CBG-21669,wild,,,not enough of this species for phosphorus
y,y,both,,1,achene + pappus,achene + pappus,Eriophyllum wallacei,riophyllum aureum,ERIWAL,ANWA,Asteraceae,forb,native,2005,40.8,,,0.029048013,121,34.46286,-117.8198,1158,,21654,CBG,CBG-21654,wild,,,not enough of this species for phosphorus
y,y,both,y,1,mericarp,seed,Erodium botrys,,EROBOT,ERBO,Geraniaceae,forb,invasive,2021,,,,0.63,,39.26820705,-121.3030999,417,,,SFREC,SFREC-7,wild,,x,
y,y,both,y,1,mericarp,seed,Erodium cicutarium,,EROCIC,ERCI6,Geraniaceae,forb,invasive,2021,,,,0.3,,34.01680584,-116.6278051,748,Mission creek,,MD,MD-6,wild,,,
y,y,both,y,1,mericarp,seed,Erodium texanum,,EROTEX,ERTE13,Geraniaceae,forb,native,2015,,,,0.36,,32.22343277,-111.0102093,725,collection location estimate (tumamoc hill),,SD,SD-7,wild,,,
y,y,both,,1,seed,seed,Erysimum repandum,,ERYREP,ERRE4,Brassicaceae,forb,invasive,1998,95,,0.26,0.1007,600,NA,NA,NA,No info,PI 633236,GRIN,GRIN-PI-633236,wild,,,collected before 1998
y,y,both,,1,seed,seed,Erythranthe guttata,Mimulus guttatus,ERYGUT,MIGU,Phrymaceae,forb,native,2015,,,,0.2238,,38.85872146,-122.4099015,636,location approximate,,MCL-ML,MCL-ML-27,wild,,,
y,y,morph,,1,seed,seed,Eschscholzia californica,,ESCCAL,ESCA2,Papaveraceae,forb,native,2003,4,,,0.414889885,600,33.63755,-117.07452,553,,21071,CBG,CBG-21071,wild,,,
y,y,chem,,1,seed,seed,Eschscholzia californica,,ESCCAL,ESCA2,Papaveraceae,forb,native,2020,90,,,,,34.31451204,-118.9662452,250,Rancho de los flores; cultivation site,,SS,SS-17,cultivated,,,
y,y,both,,1,seed,seed,Eschscholzia glyptosperma,,ESCGLY,ESGL,Papaveraceae,forb,native,2001,2,,,0.127809216,248,34.25205,-115.72051,699,,20684,CBG,CBG-20684,wild,,,
y,y,both,,1,seed,seed,Eschscholzia minutiflora,,ESCMIN,ESMI,Papaveraceae,forb,native,2013,0,,,0.353981142,600,34.36555,-114.28063,243,,23612,CBG,CBG-23612,wild,,,
y,y,both,,1,seed,seed,Eucrypta chrysanthemifolia,,EUCCHR,EUCH,Boraginaceae,forb,native,2003,0,,,0.1732,333,33.86277,-117.01,585,,21069,CBG,CBG-21069,wild,,,
y,y,both,,1,seed,seed,Eucrypta micrantha,,EUCMIC,EUMI2,Hydrophyllaceae,forb,native,2015,,,,0.19,,32.22343277,-111.0102093,725,collection location estimate (tumamoc hill),,SD,SD-9,wild,,,
y,y,both,,1,seed,seed,Eulobus californicus,Camissonia californica,EULCAL,CACA32,Onagraceae,forb,native,1996,79,,,0.137993997,600,34.0945,-118.64867,388,,22353,CBG,CBG-22353,wild,,,
y,y,both,,1,seed,seed,Euphorbia crenulata,,EUPCRE,EUCR2,Euphorbiaceae,forb,native,2021,,,,0.039,52,38.87058258,-122.4273523,673,,,MCL-ML,MCL-ML-34,wild,,,
y,y,both,,1,achene,achene,Evax multicaulis,Evax verna var. verna,EVAMUL,EVVEV,Asteraceae,forb,native,2016,,,,0.1169,,32.22343277,-111.0102093,725,collection location estimate (tumamoc hill),,SD,SD-10,wild,,,
y,y,both,y,1,floret,caryopsis,Festuca microstachys,Vulpia microstachys,FESMIC,VUMIM,Poaceae,grass,native,2021,,,,0.23,,38.87244585,-122.4271412,662,S ridge watering Exp NS,,MCL-ML,MCL-ML-20,wild,,,
y,y,both,y,1,floret,caryopsis,Festuca myuros,Vulpia myuros,FESMYU,VUMY,Poaceae,grass,invasive,2021,,,,0.21,,39.2473973,-121.3144869,216,location estimate,,SFREC,SFREC-8,wild,,,
y,y,both,y,1,floret,caryopsis,Festuca octoflora,Vulpia octoflora,FESOCT,VUOCO,Poaceae,grass,native,2015,,,,0.1484,,32.22343277,-111.0102093,725,collection location estimate (tumamoc hill),,SD,SD-11,wild,,,
y,y,both,y,1,floret,caryopsis,Festuca perennis,Lolium multiflorum,FESPER,LOPEM2,Poaceae,grass,invasive,2021,,,,0.4416,,39.24872381,-121.315312,193,,,SFREC,SFREC-9,wild,,,
y,y,both,,1,nutlet,nutlet,Galium murale,,GALMUR,GAMU4,Rubiaceae,forb,invasive,2021,,,,0.19,,38.86457044,-122.4285193,661,Tailings pond,,MCL-ML,MCL-ML-33,wild,,,
y,y,both,,1,floret,floret,Gastridium ventricosum,Gastridium phleoides,GASVEN,GAPH2,Poaceae,grass,invasive,2015,,,,0.2441,,38.86147984,-122.405158,652,location approximate,,MCL-ML,MCL-ML-5,wild,,,
y,y,both,,1,achene + pappus,achene + pappus,Geraea canescens,,GERCAN,GECA2,Asteraceae,forb,native,2017,22,,,0.8821,512.8,33.87157,-116.44117,394,,24794,CBG,CBG-24794,wild,,,
y,y,both,,1,seed,seed,Geranium dissectum,,GERDIS,GEDI,Geraniaceae,forb,invasive,2021,,,,2.7086,,39.28585175,-121.2921956,493,,,SFREC,SFREC-13,wild,,,
y,y,both,,1,seed,seed,Gilia angelensis,,GILANG,GIAN,Polemoniaceae,forb,native,2003,79.6,,,0.168097151,600,33.86388,-117.00888,585,,21065,CBG,CBG-21065,wild,,,
y,y,both,,1,seed,seed,Gilia capitata,,GILCAP,GICA5,Polemoniaceae,forb,native,2016,,,,0.2906,,38.87036085,-122.4277015,675,location approximate,,MCL-ML,MCL-ML-9,wild,,,
y,y,both,,1,seed,seed,Gilia latiflora ssp. davyi,,GILLATD,GILAD,Polemoniaceae,forb,native,2004,0,,,0.181078031,900,34.6238,-117.82661,803,,21612,CBG,CBG-21612,wild,,,
y,y,chem,,1,seed,seed,Gilia tricolor,,GILTRI,GITR2,Polemoniaceae,forb,native,2020,97,,,,,34.31451204,-118.9662452,250,Rancho de los flores; cultivation site,,SS,SS-22,cultivated,,x,
y,y,morph,,1,seed,seed,Gilia tricolor,,GILTRI,GITR2,Polemoniaceae,forb,native,2016,,,,0.0722,,NA,NA,NA,,,MCL-EE,MCL-EE-29,wild,x,,check notes on bag for location estimate
y,y,both,,1,seed,seed,Gossypium hirsutum,,GOSHIR,GOHI,Malvaceae,forb,invasive,2005,,,,4.07,50,NA,NA,NA,,PI 641928,GRIN,GRIN-PI-641928,cultivated,,,
y,y,morph,,1,seed,seed,Gossypium hirsutum,,GOSHIR,GOHI,Malvaceae,forb,invasive,2005,,,,4.49,50,NA,NA,NA,,PI 641929,GRIN,GRIN-PI-641929,cultivated,,,
y,y,morph,,1,seed,seed,Gossypium hirsutum,,GOSHIR,GOHI,Malvaceae,forb,invasive,2005,,,,3.9,50,NA,NA,NA,,PI 641930,GRIN,GRIN-PI-641930,cultivated,,,
y,y,both,,1,achene,achene,Helianthus annuus,,HELANN,HEAN3,Asteraceae,forb,native,2018,52,,,1.62,,NA,NA,NA,"collected from various locations in Riverside, San Diego, and Orange Counties",,SS,SS-23,wild,,,
y,y,both,,1,achene,achene,Helianthus deserticola,,HELDES,HEAN4,Asteraceae,forb,native,2015,76,64,,0.29,100,36.89530296,-111.394378,1309,,Ames 32935,GRIN,GRIN-Ames-32935,wild,,,
y,y,both,,1,achene + pappus,achene + pappus,Helianthus niveus,,HELNIV,HENI3,Asteraceae,forb,native,2005,78,38,2.9,0.56,200,32.3825,-114.4272222,122,,PI 650016,GRIN,GRIN-PI-650016,wild,,,
y,y,both,,1,achene,achene,Helianthus niveus ssp. canescens,,HELNIVC,HENIC,Asteraceae,forb,native,2005,92,60,1.4168,0.21,100,32.10138889,-113.4511111,213,,PI 649905,GRIN,GRIN-PI-649905,wild,,,
y,y,both,,1,achene,achene,Helianthus petiolaris ssp. fallax,,HELPETF,HEPEF,Asteraceae,forb,native,2015,100,87,2.3,0.23,100,34.917,-111.9098,1445,,PI 695660,GRIN,GRIN-PI-695660,wild,,,
y,y,both,,1,achene,achene,Heliomeris longifolia var. annua,,HELLONA,HELOA2,Asteraceae,forb,native,2007,47,,0.5268,0.10536,200,34.205,-112.10889,1070,,W6 35203,GRIN,GRIN-W6-35203,wild,,,
y,y,both,,1,achene,achene,Hemizonia congesta,,HEMCON,HECO7,Asteraceae,forb,native,2017,,,,0.34,,38.87122784,-122.4273322,664,Location estimate,,MCL-ML,MCL-ML-15,wild,,,
y,y,both,,1,seed,seed,Herniaria hirsuta,,HERHIR,HEHI7,Brassicaceae,forb,invasive,2019,,,,0.0033,38,35.12182297,-119.7248455,,,,CP,CP-15,wild,,,
y,y,both,,1,achene,achene,Hesperocnide tenella,,HESTEN,HETE5,Urticaceae,forb,native,2010,92.3,,,0.237998097,1700,39.34613,-121.51446,42,,23109,CBG,CBG-23109,wild,,,
y,y,both,y,1,achene + pappus,achene,Heterotheca sessiliflora,,HETSES,HESE,Asteraceae,forb,native,1999,66,,,0.395984148,600,34.21967,-117.70925,1341,,20351,CBG,CBG-20351,wild,,,
y,y,both,,1,achene,achene,Holocarpha virgata,,HOLVIR,HOVI,Asteraceae,forb,native,2014,,,,0.4255,200,38.86101141,-122.4105245,635,location approximate,,MCL-ML,MCL-ML-3a,wild,,,morph 1
y,y,both,,1,achene,achene,Holocarpha virgata,,HOLVIR,HOVI,Asteraceae,forb,native,2014,,,,0.22945,130,38.86101141,-122.4105245,635,location approximate,,MCL-ML,MCL-ML-3b,wild,,,morph 2
y,y,both,y,1,floret,caryopsis,Hordeum intercedens,,HORINT,HOIN2,Poaceae,grass,native,2020,93,,,0.69,,34.31451204,-118.9662452,250,Rancho de los flores; cultivation site,,SS,SS-24,cultivated,,,
y,y,both,y,1,floret,caryopsis,Hordeum murinum,,HORMUR,HOMU,Poaceae,grass,invasive,2021,,,,1.48,,38.56483847,-121.4745267,8,R&27th,,SAC,SAC-04,wild,,,
y,y,both,y,1,achene + pappus,achene,Hypochaeris glabra,,HYPGLA,HYGL2,Asteraceae,forb,invasive,2015,,,,0.22,,38.87216,-122.42711,656,location approximate,,MCL-ML,MCL-ML-26a,wild,,,long morph
y,y,both,y,1,achene + pappus,achene,Hypochaeris glabra,,HYPGLA,HYGL2,Asteraceae,forb,invasive,2015,,,,0.2,,38.87216,-122.42711,656,location approximate,,MCL-ML,MCL-ML-26b,wild,,,short morph
y,y,both,,1,achene,achene,Laennecia coulteri,,LAECOU,LACO13,Asteraceae,forb,native,1998,89.8,,,0.176077343,5750,34.10185,-118.70711,176,,22531,CBG,CBG-22531,wild,,,
y,y,both,,1,achene,achene,Lagophylla minor,,LAGMIN,LAMI,Asteraceae,forb,native,2021,,,,0.2984,,38.86090722,-122.4137252,649,,,MCL-ML,MCL-ML-29,wild,,,
y,y,both,,1,seed,seed,Langloisia setosissima ssp. punctata,,LANSETP,LASEP,Polemoniaceae,forb,native,1998,20,,,0.165156951,600,35.59568,-115.55985,1474,,20066,CBG,CBG-20066,wild,,,
y,y,both,,1,achene + pappus,achene + pappus,Lasthenia californica,,LASCAL,LACA7,Asteraceae,forb,native,2017,,,,0.32,,NA,NA,NA,UC Davis Orchard Park,,UCD,UCD-1,cultivated,,,maternal seed collected at McLaughlin
y,y,both,,1,achene + pappus,achene + pappus,Lasthenia californica,,LASCAL,LACA7,Asteraceae,forb,native,2020,,,,0.0635,,35.12182297,-119.7248455,,,,CP,CP-4,wild,,,
y,y,both,,1,achene + pappus,achene + pappus,Lasthenia coronaria,,LASCOR,LACO7,Asteraceae,forb,native,2003,54.5,,,0.135001027,1500,33.86263,-117.00988,585,,21066,CBG,CBG-21066,wild,,,
y,y,both,,1,achene,achene,Lasthenia minor,,LASMIN,LAMI5,Asteraceae,forb,native,2020,,,,0.01,90,35.12182297,-119.7248455,,,,CP,CP-16,wild,,,"90 without pappus, ~110 with pappus "
y,y,both,y,1,achene + pappus,achene,Layia glandulosa,,LAYGLA,LAGL5,Asteraceae,forb,native,2003,42,,,0.564459228,600,34.43333,-117.58666,1250,,21072,CBG,CBG-21072,wild,,,
y,y,morph,,1,achene + pappus,,Layia platyglossa,,LAYPLA,LAPL,Asteraceae,forb,native,2003,95,,,0.098390433,155,32.89794,-118.4863,366,,21171,CBG,CBG-21171,wild,,,
y,y,chem,,1,,achene + pappus,Layia platyglossa,,LAYPLA,LAPL,Asteraceae,forb,native,2020,94,,,0.3674,,34.31451204,-118.9662452,250,Rancho de los flores; cultivation site,,SS,SS-26,cultivated,,,
y,y,both,,1,seed,seed,Lepidium dictyotum,,LEPDIC,LEDI2,Brassicaceae,forb,native,2020,,,,0.1558,,35.12182297,-119.7248455,,,,CP,CP-5,wild,,,
y,y,both,y,2,silicle,seed,Lepidium lasiocarpum,,LEPLAS,LELA,Brassicaceae,forb,native,2015,,,,0.2146,,32.22343277,-111.0102093,725,collection location estimate (tumamoc hill),,SD,SD-12,wild,,,
y,y,morph,,1,seed,seed,Lepidium nitidum,,LEPNIT,LENI,Brassicaceae,forb,native,2021,,,,0.0558,61,38.87150375,-122.4277193,718,bottom of hill S water,,MCL-ML,MCL-ML-21,wild,,,only need 200
y,y,both,,1,seed,seed,Lepidium nitidum,,LEPNIT,LENI,Brassicaceae,forb,native,2017,78,,,5.75,,NA,NA,NA,"collected from various locations in Riverside, San Diego, and Orange Counties",,SS,SS-27,wild,,x,
y,y,both,,1,seed,seed,Lepidium nitidum,,LEPNIT,LENI,Brassicaceae,forb,native,2020,,,,7.9,,35.12182297,-119.7248455,,,,CP,CP-6,wild,,,
y,y,both,,1,seed,seed,Leptosiphon montanus,,LEPMON,LEMO19,Polemoniaceae,forb,native,2010,100,,,0.454828121,355,36.45062,-118.8674,402,,23198,CBG,CBG-23198,wild,,,
y,y,both,,1,achene + pappus,achene + pappus,Leptosyne bigelovii,,LEPBIG,COBI,Asteraceae,forb,native,2005,,,,0.959352742,600,34.46286,-117.81985,1158,,21659,CBG,CBG-21659,wild,,,
y,y,both,,1,seed,seed,Lesquerella gordonii,,LESGOR,LEGO,Brassicaceae,forb,native,2015,,,,0.83,,32.22343277,-111.0102093,725,collection location estimate (tumamoc hill),,SD,SD-13,wild,,,
y,y,both,,1,seed,seed,Linanthus bigelovii,,LINBIG,LIBI2,Polemoniaceae,forb,native,2005,91.7,,,0.195211653,1350,34.41231,-117.77356,1590,,21670,CBG,CBG-21670,wild,,,
y,y,both,,1,seed,seed,Linanthus dichotomus,,LINDIC,LIDI2,Polemoniaceae,forb,native,1998,95,,,0.184221549,3100,33.60372,-115.92266,240,,19965,CBG,CBG-19965,wild,,,
y,y,both,,1,seed,seed,Loeseliastrum matthewsii,,LOEMAT,LOMA10,Polemoniaceae,forb,native,1998,0,,,0.236886116,600,33.65655,-115.80227,457,,19951,CBG,CBG-19951,wild,,,
y,y,both,,1,achene,achene,Logfia filaginoides,Filago californica,LOGFIL,LOCA19,Asteraceae,forb,native,2021,,,,0.0424,,38.87207989,-122.4270872,654,,,MCL-ML,MCL-ML-32,wild,,,"mixed morphs, not enough for phosphorus"
y,y,both,,1,achene,achene,Logfia gallica,Filago gallica,LOGGAL,LOGA2,Asteraceae,forb,invasive,2021,,,,0.0441,,39.25693242,-121.3115828,287,,,SFREC,SFREC-16,wild,,,"only clean enough for c:n - 0.01 grams is fine, might be able to clean 2nd morph, otherwise this only contains one of the morphs"
y,y,both,,1,seed,seed,Lupinus bicolor,,LUPBIC,LUBI,Fabaceae,forb,native,2003,48,,,2.597863446,600,33.78216,-116.93819,506,,21064,CBG,CBG-21064,wild,,,
y,y,both,,1,seed,seed,Lupinus hirsutissimus,,LUPHIR,LUHI3,Fabaceae,forb,native,2004,16,,,4.319499479,192,34.2038,-117.67747,974,,21395,CBG,CBG-21395,wild,,,
y,y,both,,1,seed,seed,Lupinus kingii,,LUPKIN,LUKI,Fabaceae,forb,native,2011,84,,8.038,1.6076,200,35.14808333,-111.7383333,2247,,W6 40813,GRIN,GRIN-W6-40813,wild,,,NOT collected in an aridland; collected before 2011
y,y,both,,1,seed,seed,Lupinus microcarpus,,LUPMIC,LUSUS,Fabaceae,forb,native,2015,,,,5.04,,38.87116748,-122.4201456,652,location approximate,,MCL-ML,MCL-ML-6,wild,,,
y,y,both,,1,seed,seed,Lupinus microcarpus var. horizontalis,,LUPMICH,LUHOH,Fabaceae,forb,native,2010,100,,,7.754623804,241,33.7476,-116.90593,528,,23119,CBG,CBG-23119,wild,,,
y,y,both,,1,seed,seed,Lupinus microcarpus var. microcarpus,,LUPMICM,LUSUS,Fabaceae,forb,native,1999,96.7,,,3.685,113,34.10134,-118.69577,212,,22614,CBG,CBG-22614,wild,,,
y,y,chem,,1,seed,seed,Lupinus sparsiflorus,,LUPSPA,LUSP2,Fabaceae,forb,native,2020,72,,,,,34.31451204,-118.9662452,250,Rancho de los flores; cultivation site,,SS,SS-32,cultivated,,,
y,y,morph,,1,seed,seed,Lupinus sparsiflorus,,LUPSPA,LUSP2,Fabaceae,forb,native,2005,18,,,1.362097662,219,34.45204,-117.9012,1248,,21651,CBG,CBG-21651,wild,,,
y,y,both,,1,seed,seed,Lupinus succulentus,,LUPSUC,LUSU3,Fabaceae,forb,native,1997,4,,,3.911926786,600,34.31759,-118.72117,467,,22376,CBG,CBG-22376,wild,,,
y,y,morph,,1,achene + pappus,,Machaeranthera tagetina,,MACTAG,MATA,Asteraceae,forb,native,2011,90,,0.8608,0.08608,100,32.51528,-110.68028,1351,,W6 42279,GRIN,GRIN-W6-42279,wild,,,"collected before 2011, pappus intact"
y,y,chem,,1,achene,achene,Machaeranthera tagetina,,MACTAG,MATA,Asteraceae,forb,native,2011,94,,0.8608,0.08608,100,32.5938,-110.72925,1387,,W6 42278,GRIN,GRIN-W6-42278,wild,,,"collected before 2011, pappus not intact"
y,y,morph,,1,achene,achene,Madia elegans,,MADELE,MAEL,Asteraceae,forb,native,1996,72,,,0.210100671,105,34.0945,-118.64867,388,,22365,CBG,CBG-22365,wild,,,
y,y,chem,,1,achene,achene,Madia elegans,,MADELE,MAEL,Asteraceae,forb,native,2021,10,39,,0.1635,34,NA,NA,NA,,,HED,HED-2,cultivated,,x,
y,y,both,y,1,achene + flower case,achene,Madia gracilis,,MADGRA,MAGR3,Asteraceae,forb,native,2021,,,,0.42,,39.25693242,-121.3115828,287,,,SFREC,SFREC-17a,wild,,,
y,y,both,,1,achene,achene,Madia gracilis,,MADGRA,MAGR4,Asteraceae,forb,native,2021,,,,0.43,,39.25693242,-121.3115828,287,,,SFREC,SFREC-17b,wild,,,
y,y,both,y,1,achene + pappus,achene,Malacothrix coulteri,,MALCOU,MACO3,Asteraceae,forb,native,2020,,,,0.1842,,35.12182297,-119.7248455,,,,CP,CP-17,wild,,,
y,y,both,,1,achene,achene,Malacothrix fendleri,,MALFEN,MAFE,Asteraceae,forb,native,2011,91,,,0.0871,200,31.71567,-110.58987,1419,,W6 42281,GRIN,GRIN-W6-42281,wild,,,collected before 2011
y,y,chem,,1,achene,achene,Malacothrix fendleri,,MALFEN,MAFE,Asteraceae,forb,native,2011,89,,,0.0824,200,31.77613,-110.55003,1443,,W6 42280,GRIN,GRIN-W6-42280,wild,,,collected before 2011
y,y,morph,,1,achene + pappus,achene + pappus,Malacothrix glabrata,,MALGLA,MAGL3,Asteraceae,forb,native,2011,0,,,0.144001767,600,35.43507,-117.56618,1071,,23454,CBG,CBG-23454,wild,,,
y,y,chem,,1,achene + pappus,achene + pappus,Malacothrix glabrata,,MALGLA,MAGL3,Asteraceae,forb,native,2019,34,,,0.2027,,NA,NA,NA,"collected from various locations in Riverside, San Diego, and Orange Counties",,SS,SS-34,wild,,,
y,y,both,y,1,mericarp,seed,Malva parviflora,,MALPAR,MAPA5,Malvaceae,forb,invasive,2015,,,,0.72,,33.260401,-116.348148,168,,,DW,DW-13,wild,,,
y,y,both,,1,seed,seed,Matthiola parviflora,,MATPAR,,Brassicaceae,forb,invasive,2015,,,,0.26,,32.22343277,-111.0102093,725,collection location estimate (tumamoc hill),,SD,SD-14,wild,,,
y,y,both,y,many,legume,seed,Medicago polymorpha,,MEDPOL,MEPO3,Fabaceae,forb,invasive,2021,,,,,,38.87234312,-122.4269182,657,location estimate,,MCL-ML,MCL-ML-22,wild,,,"53 dispersules, may be more than one seed per dispersule"
y,y,both,,1,seed,seed,Medicago sativa ssp. sativa,,MEDSATS,MESAS,Fabaceae,forb,invasive,1997,100,,1.6372,0.16372,100,NA,NA,NA,,PI 597643,GRIN,GRIN-PI-597643,cultivated,,,collected before 1997; cannot order more
y,y,both,,1,seed,seed,Melilotus indica,,MELIND,MEIN2,Fabaceae,forb,invasive,2021,,,,0.527,,33.86799227,-116.5531477,205,palm springs tram view road,,MD,MD-7,wild,,,
y,y,both,,1,seed,seed,Mentzelia albicaulis,,MENALB,MEAL6,Loasaceae,forb,native,2015,,,,0.0366,107,33.300718,-116.335128,191,,,DW,DW-14,wild,,,
y,y,both,,1,seed,seed,Mentzelia involucrata,,MENINV,MEIN5,Loasaceae,forb,native,2015,,,,0.46,,33.240023,-116.390608,292,,,DW,DW-15,wild,,,
y,y,both,,1,seed,seed,Mentzelia micrantha,,MENMIC,MEMI3,Loasaceae,forb,native,2017,28,,,0.428998482,600,34.27361,-117.46689,846,,24806,CBG,CBG-24806,wild,,,
y,y,chem,,1,seed,seed,Micropus californicus,,MICCAL,MICA,Asteraceae,forb,native,1998,89.1,,,0.0082,410,34.10189,-118.70531,186,,21968,CBG,CBG-21968,wild,,,
y,y,both,,1,achene + pappus,achene + pappus,Micropus californicus,,MICCAL,MICA,Asteraceae,forb,native,2021,,,,0.2,,39.242472,-121.311037,151,,,SFREC,SFREC-10,wild,,x,
y,y,both,y,1,achene + pappus,achene,Microseris douglasii,,MICDOU,MIDO,Asteraceae,forb,native,2016,,,,0.46,,38.87111648,-122.4272331,718,location approximate,,MCL-ML,MCL-ML-10,wild,,,
y,y,both,y,1,achene + pappus,achene,Microseris douglasii,,MICDOU,MIDO,Asteraceae,forb,native,,,,,0.1795,,35.12182297,-119.7248455,,,,CP,CP-7,wild,,,
y,y,both,y,1,achene + pappus,achene,Microseris elegans,,MICELE,MIEL,Asteraceae,forb,native,2020,,,,0.1556,,35.12182297,-119.7248455,,,,CP,CP-18,wild,,,
y,y,both,,1,seed,seed,Microsteris gracilis,Phlox gracilis,MICGRA,MIGR,Polemoniaceae,forb,native,2010,4,,,0.077713407,82,33.66523,-116.83192,756,,23090,CBG,CBG-23090,wild,,,
y,y,chem,,1,seed,seed,Minuartia douglasii,,MINDOU,MIDO3,Caryophyllaceae,forb,native,1996,,,,0.052492044,164,34.30845,-118.14186,832,,19145,CBG,CBG-19145,wild,,,
y,y,both,,1,seed,seed,Minuartia douglasii,,MINDOU,MIDO3,Caryophyllaceae,forb,native,2016,,,,0.0627,200,38.87136945,-122.4275538,718,location approximate,,MCL-ML,MCL-ML-11,wild,,,
y,y,both,,1,seed,seed,Mohavea confertiflora,,MOHCON,MOCO,Plantaginaceae,forb,native,2011,48,,,0.10996542,600,33.6167,-115.91857,274,,23445,CBG,CBG-23445,wild,,,
y,y,both,,1,nutlet,nutlet,Monarda citriodora var. austromontana,,MONCITA,MOCIA,Lamiaceae,forb,native,2013,98,,0.4116,0.1762,200,31.4968,-110.68072,1420,,W6 48400,GRIN,GRIN-W6-48400,wild,,,
y,y,both,,1,nutlet,nutlet,Monardella breweri ssp. lanceolata,Monardella lanceolata var. lanceolata,MONBREL,MOLAL,Lamiaceae,forb,native,2003,96,,,0.252007441,600,34.17583,-116.87805,1890,,21261,CBG,CBG-21261,wild,,,
y,y,both,,1,achene,achene,Monolopia lanceolata,,MONLAN,MOLA3,Asteraceae,forb,native,2020,,,,0.2452,,35.12182297,-119.7248455,,,,CP,CP-8a,wild,,,Ray
y,y,both,,1,achene,achene,Monolopia lanceolata,,MONLAN,MOLA3,Asteraceae,forb,native,2020,,,,0.177,,35.12182297,-119.7248455,,,,CP,CP-8b,wild,,,Disc
y,y,both,,1,achene + pappus,achene + pappus,Monoptilon bellioides,,MONBEL,MOBE2,Asteraceae,forb,native,2015,,,,0.1601,,32.22343277,-111.0102093,725,collection location estimate (tumamoc hill),,SD,SD-15,wild,,,
y,y,both,,1,floret,floret,Muhlenbergia microsperma,,MUHMIC,MUMI,Poaceae,grass,native,2001,48.8,,,0.0815,500,32.60843,-116.79552,623,,20891,CBG,CBG-20891,wild,,,
y,y,chem,,1,floret,floret,Muhlenbergia microsperma,,MUHMIC,MUMI,Poaceae,grass,native,1995,13.3,,,0.071997174,600,34.2293,-118.7115,546,,21971,CBG,CBG-21971,wild,,,
y,y,both,,1,seed,seed,Navarretia atractyloides,,NAVATR,NAAT,Polemoniaceae,forb,native,2005,95,,,0.255003787,1500,34.11437,-117.71797,408,,21722,CBG,CBG-21722,wild,,,
y,y,both,,1,seed,seed,Navarretia hamata,,NAVHAM,NAHA2,Polemoniaceae,forb,native,2003,98,,,0.233692914,1900,33.44333,-117.14666,457,,21176,CBG,CBG-21176,wild,,,
y,y,both,,1,seed,seed,Navarretia pubescens,,NAVPUB,NAPU2,Polemoniaceae,forb,native,2016,,,,0.2528,,38.87077946,-122.4272234,672,location approximate,,MCL-ML,MCL-ML-12,wild,,,
y,y,both,,1,seed,seed,Nemacladus longiflorus var. breviflorus,,NEMLONB,NELOB,Campanulaceae,forb,native,1998,0,,,0.046,2300,33.96911,-116.65219,549,,19943,CBG,CBG-19943,wild,,,not enough of this species for phosphorus
y,y,chem,,1,seed,seed,Nemophila menziesii,,NEMMEN,NEME,Boraginaceae,forb,native,2020,92,,,,,34.31451204,-118.9662452,250,Rancho de los flores; cultivation site,,SS,SS-36,cultivated,,,
y,y,morph,,1,seed,seed,Nemophila menziesii,,NEMMEN,NEME,Boraginaceae,forb,native,1998,5,,,0.127556541,136,34.3273,-117.27275,1067,,20049,CBG,CBG-20049,wild,,,
y,y,both,,1,achene + pappus,achene + pappus,Osmadenia tenella,,OSMTEN,OSTE,Asteraceae,forb,native,1997,,,,0.264004478,600,32.60803,-117.02069,91,,19718,CBG,CBG-19718,wild,,,supposed to be heteromorphic
y,y,both,,1,achene,achene,Oxytheca perfoliata,,OXYPER,OXPE2,Polygonaceae,forb,native,2003,48,,,0.1857,420,34.41666,-116.78333,293,,21161,CBG,CBG-21161,wild,,,
y,y,both,y,1,achene + pappus,achene,Palafoxia arida,,PALARI,PAAR8,Asteraceae,forb,native,2015,,,,0.0889,50,33.281305,-116.348812,181,use envelope 2,,DW,DW-16,wild,,,"50 cleaned seeds + 70 dispersules, tot weight doesnt include the dispersules"
y,y,both,,1,achene,achene,Palafoxia arida var. arida,,PALARIA,PAARA2,Asteraceae,forb,native,2013,22,,,0.948731997,354,34.03047,-115.23333,396,,23620,CBG,CBG-23620,wild,,,
y,y,both,,1,caryopsis,caryopsis,Panicum hirticaule var. hirticaule,,PANHIRH,PAHIH,Poaceae,grass,native,2010,91,1,,0.36,400,31.91319,-110.9841,855,,PI 662287,GRIN,GRIN-PI-662287,wild,,,
y,y,both,,1,achene,achene,Pectis papposa var. papposa,,PECPAPP,PEPAP3,Asteraceae,forb,native,2012,12,,,0.164819277,600,34.093,-114.63977,347,,23524,CBG,CBG-23524,wild,,,supposed to be heteromorphic
y,y,both,,1,nutlet,nutlet,Pectocarya heterocarpa,,PECHET,PEHE,Boraginaceae,forb,native,2012,,,,0.17,,32.22343277,-111.0102093,725,collection location estimate (tumamoc hill); clean but needs to be separated into different morphs,,SD,SD-16a,wild,,,Winged morph
y,y,both,,1,nutlet,nutlet,Pectocarya heterocarpa,,PECHET,PEHE,Boraginaceae,forb,native,2012,,,,0.38,,32.22343277,-111.0102093,725,collection location estimate (tumamoc hill); clean but needs to be separated into different morphs,,SD,SD-16b,wild,,,Long morph
y,y,both,,1,nutlet,nutlet,Pectocarya penicillata,,PECPEN,PEPE26,Boraginaceae,forb,native,2003,98,,,0.263998451,600,34.43305,-117.58658,1250,,21040,CBG,CBG-21040,wild,,,
y,y,both,,1,nutlet,nutlet,Pectocarya penicillata,,PECPEN,PEPE26,Boraginaceae,forb,native,2020,,,,0.0478,138,35.12182297,-119.7248455,,,,CP,CP-19,wild,,,
y,y,both,,1,nutlet,nutlet,Pectocarya recurvata,,PECREC,PERE,Boraginaceae,forb,native,2015,,,,0.1676,,32.22343277,-111.0102093,725,collection location estimate (tumamoc hill),,SD,SD-18,wild,,,
y,y,both,,1,achene,achene,Perityle emoryi,,PEREMO,PEEM,Asteraceae,forb,native,1998,27,,,0.126001628,600,33.60372,-115.92266,240,,19963,CBG,CBG-19963,wild,,,supposed to be heteromorphic
y,y,both,,1,seed,seed,Phacelia brachyloba,,PHABRA,PHBR,Boraginaceae,forb,native,2017,56,,,0.225,1800,34.30335,-117.2761,1067,,24805,CBG,CBG-24805,wild,,,
y,y,both,,1,seed,seed,Phacelia calthifolia,,PHACAL,PHCA2,Boraginaceae,forb,native,2016,0,,,0.176006273,1100,36.19411,-116.3606,606,,24506,CBG,CBG-24506,wild,,,
y,y,morph,,1,seed,seed,Phacelia cicutaria,,PHACIC,PHCI,Boraginaceae,forb,native,1997,12,,,0.504015544,600,34.10134,-118.69577,212,,22586,CBG,CBG-22586,wild,,,
y,y,chem,,1,seed,seed,Phacelia cicutaria,,PHACIC,PHCI,Boraginaceae,forb,native,2018,70,,,,,34.31451204,-118.9662452,250,Rancho de los flores; cultivation site,,SS,SS-37,cultivated,,,
y,y,both,,1,seed,seed,Phacelia cicutaria var. hispida,,PHACICH,PHCIH2,Boraginaceae,forb,native,1998,2,,,0.2585,544.2,34.08093,-118.70414,145,,22385,CBG,CBG-22385,wild,,,
y,y,both,,1,seed,seed,Phacelia crenulata,,PHACRE,PHCR,Boraginaceae,forb,native,2017,,,,0.683968743,600,33.87157,-116.44117,394,,24796,CBG,CBG-24796,wild,,,
y,y,both,,1,seed,seed,Phacelia davidsonii,,PHADAV,PHDA3,Boraginaceae,forb,native,2005,0,,,0.120369584,600,34.41231,-117.77356,1590,,21673,CBG,CBG-21673,wild,,,
y,y,both,,1,seed,seed,Phacelia distans,,PHADIS,PHDI,Boraginaceae,forb,native,2015,,,,0.0488,67,33.23963,-116.391061,213,,,DW,DW-17,wild,,,
y,y,both,,1,seed,seed,Phacelia fremontii,,PHAFRE,PHFR2,Boraginaceae,forb,native,1998,38.5,,,0.15,600,34.46427,-117.88505,1158,,20047,CBG,CBG-20047,wild,,,
y,y,both,,1,seed,seed,Phacelia grandiflora,,PHAGRA,PHGR,Boraginaceae,forb,native,1997,16.7,,,0.207,2300,34.10134,-118.69577,212,,22587,CBG,CBG-22587,wild,,,
y,y,both,,1,seed,seed,Phacelia parryi,,PHAPAR,PHPA3,Boraginaceae,forb,native,2004,36.6,,,0.179997475,1200,34.28021,-118.59596,398,,22489,CBG,CBG-22489,wild,,,
y,y,both,,1,seed,seed,Phacelia viscida,,PHAVIS,PHVI,Boraginaceae,forb,native,1996,38,,,0.238000233,1700,34.05897,-118.7409,382,,22335,CBG,CBG-22335,wild,,,
y,y,morph,,1,seed,seed,Phaseolus acutifolius,,PHAACU,PHAC,Fabaceae,forb,native,1998,100,,66.9,1.6725,25,31.41611111,-110.7561111,1692,,PI 640985,GRIN,GRIN-PI-640985,wild,,,
y,y,morph,,1,seed,seed,Phaseolus acutifolius,,PHAACU,PHAC,Fabaceae,forb,native,2010,,,66.9,1.6725,25,31.55,-111.7333333,815,"culivated, so location might not be relevant",W6 38693,GRIN,GRIN-W6-38693,cultivated,,,collected before 2010
y,y,morph,,1,seed,seed,Phaseolus acutifolius,,PHAACU,PHAC,Fabaceae,forb,native,2010,,,66.9,1.6725,25,31.55,-111.7333333,815,"culivated, so location might not be relevant",W6 38695,GRIN,GRIN-W6-38695,cultivated,,,collected before 2010
y,y,both,,1,seed,seed,Phaseolus acutifolius,,PHAACU,PHAC,Fabaceae,forb,native,2010,,,66.9,1.6725,25,31.91666667,-111.8833333,723,"culivated, so location might not be relevant",W6 38696,GRIN,GRIN-W6-38696,cultivated,,,collected before 2010
y,y,morph,,1,seed,seed,Phaseolus acutifolius,,PHAACU,PHAC,Fabaceae,forb,native,2004,,,66.9,1.6725,25,31.94444444,-109.3022222,1880,,W6 26190,GRIN,GRIN-W6-26190,wild,,,
y,y,morph,,1,seed,seed,Phaseolus acutifolius,,PHAACU,PHAC,Fabaceae,forb,native,2004,,,66.9,1.6725,25,31.96361111,-109.3163889,1765,,PI 661895,GRIN,GRIN-PI-661895,wild,,,
y,y,morph,,1,seed,seed,Phaseolus acutifolius,,PHAACU,PHAC,Fabaceae,forb,native,1990,99,,66.9,1.6725,25,32.20805556,-109.575,2290,,PI 638928,GRIN,GRIN-PI-638928,wild,,,
y,y,morph,,1,seed,seed,Phaseolus acutifolius,,PHAACU,PHAC,Fabaceae,forb,native,1990,100,,66.9,1.6725,25,NA,NA,NA,Location unknown,PI 638927,GRIN,GRIN-PI-638927,wild,,,
y,y,morph,,1,seed,seed,Phaseolus acutifolius var. acutifolius,,PHAACUA,PHACA2,Fabaceae,forb,native,1990,100,,,1.11,50,31.41611111,-110.7561111,1692,,PI 640989,GRIN,GRIN-PI-640989,wild,,,
y,y,morph,,1,seed,seed,Phaseolus acutifolius var. acutifolius,,PHAACUA,PHACA2,Fabaceae,forb,native,1984,100,,,2.52,50,32.24388889,-111.1669444,868,"culivated, so location might not be relevant",PI 640987,GRIN,GRIN-PI-640987,cultivated,,,
y,y,both,,1,seed,seed,Phaseolus acutifolius var. acutifolius,,PHAACUA,PHACA2,Fabaceae,forb,native,2001,100,,,1.35,50,NA,NA,NA,,PI 640986,GRIN,GRIN-PI-640986,wild,,,
y,y,both,,1,seed,seed,Phaseolus acutifolius var. tenuifolius,,PHAACUT,PHACT,Fabaceae,forb,native,2003,99,,,0.95,50,31.71861111,-110.7591667,1206,,W6 24877,GRIN,GRIN-W6-24877,wild,,,
y,y,morph,,1,seed,seed,Phaseolus acutifolius var. tenuifolius,,PHAACUT,PHACT,Fabaceae,forb,native,1989,100,,,1.12,50,32.75,-109.006,1299,"Pinaleno Mountains, Graham county arizona",PI 640993,GRIN,GRIN-PI-640993,wild,,,Potentially not in an aridland; collected before 2001
y,y,morph,,1,seed,seed,Phaseolus acutifolius var. tenuifolius,,PHAACUT,PHACT,Fabaceae,forb,native,2001,84,,,1,50,NA,NA,NA,,PI 653249,GRIN,GRIN-PI-653249,wild,,,
y,y,both,,1,seed,seed,Pholistoma auritum,,PHOAUR,PHAU4,Boraginaceae,forb,native,1996,0,,,0.57305638,102,34.12637,-118.86496,344,,22411,CBG,CBG-22411,wild,,,
y,y,both,,1,seed,seed,Physalis crassifolia,,PHYCRA,PHCR4,Solanaceae,forb,native,1998,87.9,,,0.449814073,350,33.93152,-116.64936,518,,19929,CBG,CBG-19929,wild,,,
y,y,both,,1,nutlet,nutlet,Plagiobothrys arizonicus,,PLAARI,PLAR,Boraginaceae,forb,native,2008,79,,1.835,0.1835,100,34.23694,-112.04139,1125,,W6 35312,GRIN,GRIN-W6-35312,wild,,,
y,y,both,,1,nutlet,nutlet,Plagiobothrys nothofulvus,,PLANOT,PLNO,Boraginaceae,forb,native,2021,,,,1,,39.248528,-121.31305,208,,,SFREC,SFREC-11,wild,,x,
y,y,chem,,1,seed,seed,Plantago erecta,,PLAERE,PLER3,Plantaginaceae,forb,native,2019,86,,,,,34.31451204,-118.9662452,250,Rancho de los flores; cultivation site,,SS,SS-39,cultivated,,x,
y,y,morph,,1,seed,seed,Plantago erecta,,PLAERE,PLER3,Plantaginaceae,forb,native,2016,,,,6.09,,38.87078449,-122.4271909,664,location estimate,,MCL-ML,MCL-ML-40,wild,x,,serpentine
y,y,both,,1,seed,seed,Plantago ovata,,PLAOVA,PLOV,Plantaginaceae,forb,native,2015,,,,0.33,,33.300718,-116.335128,191,,,DW,DW-18,wild,,,
y,y,both,,1,seed,seed,Plantago ovata var. insularis,Plantago insularis,PLAOVAI,PLOV,Plantaginaceae,forb,native,2015,,,,0.8096,,32.22343277,-111.0102093,725,collection location estimate (tumamoc hill),,SD,SD-19,wild,,,
y,y,both,,1,seed,seed,Plantago patagonica,,PLAPAT,PLPA2,Plantaginaceae,forb,native,2015,,,,0.32,,32.22343277,-111.0102093,725,collection location estimate (tumamoc hill),,SD,SD-20,wild,,,
y,y,both,,1,nutlet,nutlet,Platystemon californicus,,PLACAL,PLCA5,Papaveraceae,forb,native,2003,2,,,0.212511783,600,33.63663,-117.04461,564,,21074,CBG,CBG-21074,wild,,,
y,y,both,y,1,floret,caryopsis,Poa secunda,,POASEC,POSE,Poaceae,grass,native,2019,,,,0.0971,,35.12182297,-119.7248455,,,,CP,CP-20,wild,,,THIS IS PERENNIAL BUT WE ARE DOING IT FOR LORALEE
y,y,both,y,1,floret,caryopsis,Polypogon monspeliensis,,POLMON,POMO5,Poaceae,grass,invasive,2021,,,,0.21,,33.99762703,-116.6056899,613,Mission creek,,MD,MD-1,wild,,,
y,y,both,,1,achene,achene,Pterostegia drymarioides,,PTEDRY,PTDR,Polygonaceae,forb,native,2003,52,,,0.15361,564.6,33.86263,-117.00988,585,,21067,CBG,CBG-21067,wild,,,
y,y,both,,1,achene + pappus,achene + pappus,Rafinesquia californica,,RAFCAL,RACA,Asteraceae,forb,native,2017,47.8,,,0.300091424,230,34.02532,-116.61025,893,,24959,CBG,CBG-24959,wild,,,
y,y,both,,1,achene + pappus,achene + pappus,Rigiopappus leptocladus,,RIGLEP,RILE2,Asteraceae,forb,native,2021,,,,0.19,,38.87135834,-122.4275268,659,,,MCL-ML,MCL-ML-23,wild,,,
y,y,both,,1,nutlet,nutlet,Salvia carduacea,,SALCAR,SACA8,Lamiaceae,forb,native,2019,93,,,0.86,,NA,NA,NA,"collected from various locations in Riverside, San Diego, and Orange Counties",,SS,SS-41,wild,,,
y,y,both,,1,nutlet,nutlet,Salvia columbariae,,SALCOL,SACO6,Lamiaceae,forb,native,2015,,,,0.37,,33.239771,-116.390937,213,,,DW,DW-19,wild,,,
y,y,both,,1,caryopsis,caryopsis,Schismus barbatus,,SCHBAR,SCBA,Poaceae,grass,invasive,2015,,,,,,32.22343277,-111.0102093,725,collection location estimate (tumamoc hill),,SD,SD-21,wild,,,
y,y,both,y,1,achene + pappus,achene,Senecio vulgaris,,SENVUL,SEVU,Asteraceae,forb,invasive,2021,,,,0.17,,38.55086923,-121.460053,11,Oak Park,,SAC,SAC-05,wild,,,
y,y,both,,1,seed,seed,Sesbania herbacea,,SESHER,SEHE8,Fabaceae,forb,native,2003,19.6,,,0.948911175,140,32.78338,-114.59923,43,,21233,CBG,CBG-21233,wild,,,
y,y,both,,1,mericarp,mericarp,Sidalcea diploscypha,,SIDDIP,SIDI,Malvaceae,forb,native,2021,,,,1.0252,216,38.86023696,-122.4118546,646,,,MCL-ML,MCL-ML-30,wild,,,
y,y,both,,1,seed,seed,Silene gallica,,SILGAL,SIGA,Caryophyllaceae,forb,invasive,2019,,,,0.053,,38.87274024,-122.4271505,667,,,MCL-EE,MCL-EE-48,wild,,,
y,y,both,,1,seed,seed,Sisymbrium altissimum,,SISALT,SIAL2,Brassicaceae,forb,invasive,2021,,,,0.1543,,33.97741778,-116.1647915,1321,JOTR Juniper Flat,,MD,MD-9,wild,,,
y,y,both,,1,seed,seed,Sisymbrium irio,,SISIRI,SIIR,Brassicaceae,forb,invasive,2021,,,,0.2,,33.99061279,-116.6578569,681,Whitewater preserve and palm springs,,MD,MD-10,wild,,,
y,y,both,,1,seed,seed,Sisymbrium orientale,,SISORI,SIOR4,Brassicaceae,forb,invasive,2021,,,,0.1342,,33.99762703,-116.6056899,613,Mission creek,,MD,MD-11,wild,,,
y,y,both,,1,seed,seed,Spergularia platensis,,SPEPLA,SPPL2,Caryophyllaceae,forb,invasive,1996,,,,0.021000413,600,33.87694,-117.11527,435,,19518,CBG,CBG-19518,wild,,,
y,y,both,,1,achene,achene,Stephanomeria exigua,,STEEXI,STEX,Asteraceae,forb,native,2011,28,,,0.161752002,337,34.2271,-115.72292,671,,23446,CBG,CBG-23446,wild,,,
y,y,both,y,1,floret,caryopsis,Stipa capensis,Achnatherum capense,STICAP,ACCA34,Poaceae,grass,invasive,2021,,,,0.17,,33.85230388,-116.5606831,238,palm springs raquet club,,MD,MD-12,wild,,,
y,y,both,,1,seed,seed,Streptanthella longirostris,,STRLON,STLO4,Brassicaceae,forb,native,2015,,,,0.22,,33.301555,-116.337843,189,,,DW,DW-22,wild,,,
y,y,both,,1,seed,seed,Streptanthus insignis,,STRINS,STIN,Brassicaceae,forb,native,2008,4.2,,,0.271345646,600,36.584,-120.81637,389,,22705,CBG,CBG-22705,wild,,,
y,y,both,,1,seed,seed,Streptanthus polygaloides,,STRPOL,STPO2,Brassicaceae,forb,native,2003,84,,,0.287597765,1300,37.86489,-120.44448,372,,21247,CBG,CBG-21247,wild,,,
y,y,both,,1,achene,achene,Stylocline micropoides,,STYMIC,STMI2,Asteraceae,forb,native,2015,,,,0.13,,32.22343277,-111.0102093,725,collection location estimate (tumamoc hill),,SD,SD-22,wild,,,
y,y,both,y,1,silicle,seed,Thysanocarpus curvipes,,THYCUR,THCU,Brassicaceae,forb,native,1996,90,,,0.105419872,62,34.10134,-118.6958,212,,22608,CBG,CBG-22608,wild,,,
y,y,both,y,1,silicle,seed,Thysanocarpus curvipes,,THYCUR,THCU,Brassicaceae,forb,native,2002,84.2,,,0.016657143,11,34.10134,-118.6958,212,,22609,CBG,CBG-22609,wild,,,
y,y,both,,1,seed,seed,Tidestromia suffruticosa var. oblongifolia,,TIDSUFO,TISUO,Amaranthaceae,forb,native,2015,88,,,0.19334,422.7,33.55202,-115.8058,404,,24132,CBG,CBG-24132,wild,,,
y,y,both,y,1,achene + pappus,achene,Trichoptilium incisum,,TRIINC,TRIN2,Asteraceae,forb,native,1998,32,,,0.3288,505.9,33.60372,-115.92266,240,,19959,CBG,CBG-19959,wild,,,
y,y,both,,1,nutlet,nutlet,Trichostema austromontanum ssp. austromontanum,,TRIAUSA,TRAUA2,Lamiaceae,forb,native,2017,60,,,0.1475,468.3,34.30043,-117.2254,1530,,24960,CBG,CBG-24960,wild,,,
y,y,both,,1,nutlet,nutlet,Trichostema lanceolatum,,TRILAN,TRLA4,Lamiaceae,forb,native,2005,10.2,,,0.509721078,600,34.02686,-117.32765,279,,21779,CBG,CBG-21779,wild,,,
y,y,both,,2-Jan,seed,seed,Trifolium albopurpureum,,TRIALB,TRAL5,Fabaceae,forb,native,2016,,,,0.152,68,NA,NA,NA,,,MCL-EE,MCL-EE-50,wild,,,check notes on bag for location estimate
y,y,both,,1,seed,seed,Trifolium depauperatum,,TRIDEP,TRDE,Fabaceae,forb,native,2020,,,,0.2429,,35.12182297,-119.7248455,,,,CP,CP-21,wild,,,
y,y,both,,4-Feb,seed,seed,Trifolium fucatum,,TRIFUC,TRFU,Fabaceae,forb,native,2015,,,,2.6665,,38.87018887,-122.4280029,664,location estimate,,MCL-ML,MCL-ML-41,wild,,,
y,y,both,,2-Jan,seed,seed,Trifolium gracilentum,,TRIGRA,TRGR2,Fabaceae,forb,native,2020,,,,0.99,,35.12182297,-119.7248455,,,,CP,CP-9,wild,,,
y,y,both,y,1,flower,seed,Trifolium hirtum,,TRIHIR,TRHI4,Fabaceae,forb,invasive,2021,,,,0.6968,,39.3016394,-121.2929935,384,,,SFREC,SFREC-12,wild,,x,
y,y,both,,2-Jan,seed,seed,Trifolium microcephalum,,TRIMIC,TRMI4,Fabaceae,forb,native,1998,14.3,,,0.163633947,196,34.12841,-118.85673,323,,22398,CBG,CBG-22398,wild,,,
y,y,chem,,2-Jan,seed,seed,Trifolium willdenovii,Trifolium tridentatum,TRIWIL,TRWI3,Fabaceae,forb,native,2020,86,,,,,34.31451204,-118.9662452,250,Rancho de los flores; cultivation site,,SS,SS-44,cultivated,,x,
y,y,morph,,2-Jan,seed,seed,Trifolium willdenovii,Trifolium tridentatum,TRIWIL,TRWI3,Fabaceae,forb,native,2011,,,,3.02,,38.86398651,-122.4050322,655,location estimate,,MCL-ML,MCL-ML-42,wild,x,,
y,y,both,,1,seed,seed,Tropidocarpum gracile,,TROGRA,TRGR5,Asteraceae,forb,native,2019,,,,0.1077,,35.12182297,-119.7248455,,,,CP,CP-10,wild,,,
y,y,both,y,1,achene + pappus,achene,Uropappus lindleyi,Microseris lindleyi,UROLIN,MILI5,Asteraceae,forb,native,2015,,,,0.5,,38.86537177,-122.4029395,663,location approximate,,MCL-ML,MCL-ML-25,wild,,,
y,y,both,y,1,achene + pappus,achene,Uropappus lindleyi,Microseris lindleyi,UROLIN,MILI5,Asteraceae,forb,native,2020,,,,0.4048,,35.12182297,-119.7248455,,,,CP,CP-22,wild,,,
y,y,both,,1,seed,seed,Vicia villosa,,VICVIL,VIVI,Fabaceae,forb,invasive,2021,,,,6.92,,38.87214352,-122.4276984,657,,,MCL-ML,MCL-ML-31,wild,x,x,
y,y,both,y,1,achene + pappus,achene,Volutaria tubuliflora,,VOLTUB,,Asteraceae,forb,invasive,2015,,,,0.16,140,33.260428,-116.348116,165,,,DW,DW-23,wild,,,
y,y,morph,,1,achene + pappus,achene,Xanthisma gracile,Machaeranthera gracilis,XANGRA,MAGR10,Asteraceae,forb,native,2005,42,,,0.1356,200,33.41417,-112.37333,289,,W6 30964,GRIN,GRIN-W6-30964,wild,,,
y,y,chem,,1,achene,achene,Xanthisma gracile,Machaeranthera gracilis,XANGRA,MAGR10,Asteraceae,forb,native,2012,77,,,0.125,200,34.5407,-111.82628,951,,W6 43852,GRIN,GRIN-W6-43852,wild,,,collected before 2012
y,y,both,,1,seed,seed,Zeltnera trichantha,Centaurium trichanthum,ZELTRI,CETR2,Gentianaceae,forb,native,2016,,,,0.1767,,38.86973285,-122.4279027,672,location approximate,,MCL-ML,MCL-ML-13,wild,,,